<?xml version="1.0" encoding="utf-8"?>
<!--/726287/1631172/2.50/7/4/Undefined or Miscellaneous/-->
<quadcept_library>
  <setting unit="mil" />
  <textstyle name="Default" height="47.244094488189" strokewidth="7.8740157480315" charwidth="47.244094488189" />
  <textstyle name="Dimension" height="19.6850393700787" strokewidth="0" charwidth="19.6850393700787" />
  <textstyle name="H127W0635TH00762" height="50" strokewidth="3" charwidth="25" />
  <textstyle name="H15W15TH02" height="59.0551181102362" strokewidth="7.8740157480315" charwidth="59.0551181102362" />
  <padstyle name="c195_h130" surface="False" plated="True" isvia="False" nopaste="True" nomask="True" complex="False" holesize="51.181102362204">
    <padshape layer="TOP" shape="round" width="76.771653543306" height="76.771653543306" />
    <padshape layer="TOP_SOLDER_MASK" shape="round" width="84.645669291338" height="84.645669291338" />
    <padshape layer="INNER" shape="round" width="76.771653543306" height="76.771653543306" />
    <padshape layer="BOTTOM" shape="round" width="76.771653543306" height="76.771653543306" />
    <padshape layer="BOTTOM_SOLDER_MASK" shape="round" width="84.645669291338" height="84.645669291338" />
  </padstyle>
  <padstyle name="c446_h297.32" surface="False" plated="True" isvia="False" nopaste="True" nomask="True" complex="False" holesize="117.05511811023">
    <padshape layer="TOP" shape="round" width="175.5905511811" height="175.5905511811" />
    <padshape layer="TOP_SOLDER_MASK" shape="round" width="183.46456692913" height="183.46456692913" />
    <padshape layer="INNER" shape="round" width="175.5905511811" height="175.5905511811" />
    <padshape layer="BOTTOM" shape="round" width="175.5905511811" height="175.5905511811" />
    <padshape layer="BOTTOM_SOLDER_MASK" shape="round" width="183.46456692913" height="183.46456692913" />
  </padstyle>
  <footprint name="PEC164120FS0012" originx="0" originy="0" pickpointx="0" pickpointy="0">
    <pcbpin number="1" name="A1" style="c195_h130" originx="0" originy="0" rotation="90" />
    <pcbpin number="2" name="B1" style="c195_h130" originx="196.85039370078" originy="0" rotation="90" />
    <pcbpin number="3" name="C1" style="c195_h130" originx="393.70078740157" originy="0" rotation="90" />
    <pcbpin number="4" name="D1" style="c195_h130" originx="98.425196850392" originy="688.97637795275" rotation="90" />
    <pcbpin number="5" name="E1" style="c195_h130" originx="295.27559055118" originy="688.97637795275" rotation="90" />
    <pcbpin number="6" name="MH1" style="c446_h297.32" originx="-94.488188976377" originy="413.38582677165" rotation="90" />
    <pcbpin number="7" name="MH2" style="c446_h297.32" originx="488.18897637795" originy="413.38582677165" rotation="90" />
    <line layer="TOP_ASSEMBLY" originx="-118.11023622047" originy="740.15748031495" endx="511.81102362204" endy="740.15748031495" width="7.8740157480314" />
    <line layer="TOP_ASSEMBLY" originx="511.81102362204" originy="740.15748031495" endx="511.81102362204" endy="-78.740157480314" width="7.8740157480314" />
    <line layer="TOP_ASSEMBLY" originx="511.81102362204" originy="-78.740157480314" endx="-118.11023622047" endy="-78.740157480314" width="7.8740157480314" />
    <line layer="TOP_ASSEMBLY" originx="-118.11023622047" originy="-78.740157480314" endx="-118.11023622047" endy="740.15748031495" width="7.8740157480314" />
    <line layer="TOP_PLACE_BOUND" originx="-221.65354330708" originy="779.52755905511" endx="615.35433070865" endy="779.52755905511" width="3.9370078740157" />
    <line layer="TOP_PLACE_BOUND" originx="615.35433070865" originy="779.52755905511" endx="615.35433070865" endy="-118.11023622047" width="3.9370078740157" />
    <line layer="TOP_PLACE_BOUND" originx="615.35433070865" originy="-118.11023622047" endx="-221.65354330708" endy="-118.11023622047" width="3.9370078740157" />
    <line layer="TOP_PLACE_BOUND" originx="-221.65354330708" originy="-118.11023622047" endx="-221.65354330708" endy="779.52755905511" width="3.9370078740157" />
    <line layer="TOP_SILKSCREEN" originx="-118.11023622047" originy="295.27559055118" endx="-118.11023622047" endy="-78.740157480314" width="3.9370078740157" />
    <line layer="TOP_SILKSCREEN" originx="-118.11023622047" originy="-78.740157480314" endx="511.81102362204" endy="-78.740157480314" width="3.9370078740157" />
    <line layer="TOP_SILKSCREEN" originx="511.81102362204" originy="-78.740157480314" endx="511.81102362204" endy="295.27559055118" width="3.9370078740157" />
    <line layer="TOP_SILKSCREEN" originx="511.81102362204" originy="531.49606299212" endx="511.81102362204" endy="740.15748031495" width="3.9370078740157" />
    <line layer="TOP_SILKSCREEN" originx="511.81102362204" originy="740.15748031495" endx="-118.11023622047" endy="740.15748031495" width="3.9370078740157" />
    <line layer="TOP_SILKSCREEN" originx="-118.11023622047" originy="740.15748031495" endx="-118.11023622047" endy="531.49606299212" width="3.9370078740157" />
    <line layer="TOP_SILKSCREEN" originx="0" originy="-94.488188976377" endx="0" endy="-94.488188976377" width="3.9370078740157" />
    <arc layer="TOP_SILKSCREEN" originx="1.6391087961985E-15" originy="-96.456692913385" startangle="90.0" sweepangle="-180.0" radius="1.9685039370079" width="3.9370078740157" />
    <line layer="TOP_SILKSCREEN" originx="0" originy="-98.425196850392" endx="0" endy="-98.425196850392" width="3.9370078740157" />
    <arc layer="TOP_SILKSCREEN" originx="1.6391087961985E-15" originy="-96.456692913385" startangle="-90.0" sweepangle="-180.0" radius="1.9685039370079" width="3.9370078740157" />
  </footprint>
  <symbol name="PEC16-4220F-S0024" originx="0" originy="0">
    <line originx="200" originy="300" endx="800" endy="300" width="0" />
    <line originx="800" originy="-300" endx="800" endy="300" width="0" />
    <line originx="800" originy="-300" endx="200" endy="-300" width="0" />
    <line originx="200" originy="300" endx="200" endy="-300" width="0" />
    <sympin number="1" originx="400" originy="-300" rotation="270" length="100" width="7.8740157480315" flipped="False">
      <text name="pinname" originx="400" originy="-270" style="Default" rotation="0" justify="left" flipped="False" hidden="False" data="A1" />
      <text name="pindes" originx="380" originy="-360" style="Default" rotation="0" justify="lowerright" flipped="False" hidden="False" data="A1" />
    </sympin>
    <sympin number="2" originx="500" originy="-300" rotation="270" length="100" width="7.8740157480315" flipped="False">
      <text name="pinname" originx="500" originy="-270" style="Default" rotation="0" justify="left" flipped="False" hidden="False" data="B1" />
      <text name="pindes" originx="480" originy="-360" style="Default" rotation="0" justify="lowerright" flipped="False" hidden="False" data="B1" />
    </sympin>
    <sympin number="3" originx="600" originy="-300" rotation="270" length="100" width="7.8740157480315" flipped="False">
      <text name="pinname" originx="600" originy="-270" style="Default" rotation="0" justify="left" flipped="False" hidden="False" data="C1" />
      <text name="pindes" originx="580" originy="-360" style="Default" rotation="0" justify="lowerright" flipped="False" hidden="False" data="C1" />
    </sympin>
    <sympin number="4" originx="400" originy="300" rotation="90" length="100" width="7.8740157480315" flipped="False">
      <text name="pinname" originx="400" originy="270" style="Default" rotation="0" justify="right" flipped="False" hidden="False" data="D1" />
      <text name="pindes" originx="380" originy="360" style="Default" rotation="0" justify="lowerleft" flipped="False" hidden="False" data="D1" />
    </sympin>
    <sympin number="5" originx="500" originy="300" rotation="90" length="100" width="7.8740157480315" flipped="False">
      <text name="pinname" originx="500" originy="270" style="Default" rotation="0" justify="right" flipped="False" hidden="False" data="E1" />
      <text name="pindes" originx="480" originy="360" style="Default" rotation="0" justify="lowerleft" flipped="False" hidden="False" data="E1" />
    </sympin>
    <sympin number="6" originx="200" originy="0" rotation="180" length="100" width="7.8740157480315" flipped="False">
      <text name="pinname" originx="230" originy="0" style="Default" rotation="0" justify="left" flipped="False" hidden="False" data="MH1" />
      <text name="pindes" originx="140" originy="20" style="Default" rotation="0" justify="lowerright" flipped="False" hidden="False" data="MH1" />
    </sympin>
    <sympin number="7" originx="800" originy="0" rotation="0" length="100" width="7.8740157480315" flipped="False">
      <text name="pinname" originx="770" originy="0" style="Default" rotation="0" justify="right" flipped="False" hidden="False" data="MH2" />
      <text name="pindes" originx="860" originy="20" style="Default" rotation="0" justify="lowerleft" flipped="False" hidden="False" data="MH2" />
    </sympin>
  </symbol>
  <component name="PEC16-4220F-S0024" designatorprefix="U" height="1102.3622047244" footprint="PEC164120FS0012">
    <comppin designator="A1" sympin="1" pinswap="0" gateswap="0" gate="1" group="1" side="" type="Any" name="A1" />
    <comppin designator="B1" sympin="2" pinswap="0" gateswap="0" gate="1" group="1" side="" type="Any" name="B1" />
    <comppin designator="C1" sympin="3" pinswap="0" gateswap="0" gate="1" group="1" side="" type="Any" name="C1" />
    <comppin designator="D1" sympin="4" pinswap="0" gateswap="0" gate="1" group="1" side="" type="Any" name="D1" />
    <comppin designator="E1" sympin="5" pinswap="0" gateswap="0" gate="1" group="1" side="" type="Any" name="E1" />
    <comppin designator="MH1" sympin="6" pinswap="0" gateswap="0" gate="1" group="1" side="" type="Any" name="MH1" />
    <comppin designator="MH2" sympin="7" pinswap="0" gateswap="0" gate="1" group="1" side="" type="Any" name="MH2" />
    <attached_symbol gate="1" name="PEC16-4220F-S0024" />
    <pinmap designator="A1" footprintpin="1" />
    <pinmap designator="B1" footprintpin="2" />
    <pinmap designator="C1" footprintpin="3" />
    <pinmap designator="D1" footprintpin="4" />
    <pinmap designator="E1" footprintpin="5" />
    <pinmap designator="MH1" footprintpin="6" />
    <pinmap designator="MH2" footprintpin="7" />
    <text name="Datasheet" originx="0" originy="0" style="Default" rotation="0" justify="" flipped="False" hidden="True" data="https://www.bourns.com/pdfs/PEC16.pdf" />
    <text name="Description" originx="0" originy="0" style="Default" rotation="0" justify="" flipped="False" hidden="True" data="Bourns Encoder 24ppr ppr 5 V dc" />
    <text name="Manufacturer_Name" originx="0" originy="0" style="Default" rotation="0" justify="" flipped="False" hidden="True" data="Bourns" />
    <text name="Manufacturer_Part_Number" originx="850" originy="400" style="Default" rotation="0" justify="left" flipped="False" hidden="False" data="PEC16-4220F-S0024" />
    <text name="Mouser Part Number" originx="0" originy="0" style="Default" rotation="0" justify="" flipped="False" hidden="True" data="652-PEC16-4220FS0024" />
    <text name="Mouser Price/Stock" originx="0" originy="0" style="Default" rotation="0" justify="" flipped="False" hidden="True" data="https://www.mouser.co.uk/ProductDetail/Bourns/PEC16-4220F-S0024?qs=6FD5PBp7ZtQte%252Bg7b%2FiMUw%3D%3D" />
    <text name="Arrow Part Number" originx="0" originy="0" style="Default" rotation="0" justify="" flipped="False" hidden="True" data="PEC16-4220F-S0024" />
    <text name="Arrow Price/Stock" originx="0" originy="0" style="Default" rotation="0" justify="" flipped="False" hidden="True" data="null?utm_currency=USD&amp;region=nac" />
  </component>
</quadcept_library>
